,Unnamed: 0,Datum,Tijd,GemTemp,Gem-RV,EC Sen.,PH Sen.,EC Voorr Sen.,Dr.In-Min,Dr.In-Gem,Dr.In-Max,Dr.Uit-Min,Dr.Uit-Gem,Dr.Uit-Max,D. Pres - Min,D. Pres - Gem,D. Pres - Max,Analog Sensor 1
13277,575,2021-03-06 16:10:00,16:10,,,1.2,,1.0,0.0,0.0,0.0,0.0,0.0,0.0,,,,9.1
13278,574,2021-03-06 16:20:00,16:20,,,1.2,,1.0,0.0,0.0,0.0,0.0,0.0,0.0,,,,8.5
13279,573,2021-03-06 16:30:00,16:30,,,1.2,,1.0,0.0,0.0,0.0,0.0,0.0,0.0,,,,9.1
13280,572,2021-03-06 16:40:00,16:40,,,1.2,,1.0,0.0,0.0,0.0,0.0,0.0,0.0,,,,9.1
13281,571,2021-03-06 16:50:00,16:50,,,1.2,,1.0,0.0,0.0,0.0,0.0,0.0,0.0,,,,8.5
13282,570,2021-03-06 17:00:00,17:00,,,1.2,,1.0,0.0,0.0,0.0,0.0,0.0,0.0,,,,9.1
13283,569,2021-03-06 17:10:00,17:10,,,1.2,,1.0,0.0,0.0,0.0,0.0,0.0,0.0,,,,8.5
13284,568,2021-03-06 17:20:00,17:20,,,1.2,,1.0,0.0,0.0,0.0,0.0,0.0,0.0,,,,8.5
13285,567,2021-03-06 17:30:00,17:30,,,1.2,,1.1,0.0,0.0,0.0,0.0,0.0,0.0,,,,9.1
13286,566,2021-03-06 17:40:00,17:40,,,1.2,,1.1,0.0,0.0,0.0,0.0,0.0,0.0,,,,9.1
13287,565,2021-03-06 17:50:00,17:50,,,1.2,,1.1,0.0,0.0,0.0,0.0,0.0,0.0,,,,8.5
13288,564,2021-03-06 18:00:00,18:00,,,1.2,,1.1,0.0,0.0,0.0,0.0,0.0,0.0,,,,7.9
13289,563,2021-03-06 18:10:00,18:10,,,1.2,,1.1,0.0,1.0,2.7,0.0,0.9,2.4,,,,9.7
13290,562,2021-03-06 18:20:00,18:20,,,1.3,,1.1,2.6,2.7,2.7,2.2,2.3,2.4,,,,9.1
13291,561,2021-03-06 18:30:00,18:30,,,1.3,,1.1,2.6,2.7,2.7,2.2,2.3,2.3,,,,9.7
13292,560,2021-03-06 18:40:00,18:40,,,1.3,,1.1,2.7,2.7,2.7,2.2,2.2,2.3,,,,9.7
13293,559,2021-03-06 18:50:00,18:50,,,1.2,,1.1,2.7,2.7,2.7,2.1,2.2,2.2,,,,9.7
13294,558,2021-03-06 19:00:00,19:00,,,1.2,,1.1,2.6,2.7,2.7,2.1,2.2,2.2,,,,9.7
13295,557,2021-03-06 19:10:00,19:10,,,1.2,,1.1,2.6,2.7,2.8,2.1,2.3,2.7,,,,9.7
13296,556,2021-03-06 19:20:00,19:20,,,1.2,,1.1,2.6,2.7,2.8,2.4,2.5,2.7,,,,9.7
13297,555,2021-03-06 19:30:00,19:30,,,1.2,,1.1,2.6,2.7,2.8,2.4,2.5,2.6,,,,10.3
13298,554,2021-03-06 19:40:00,19:40,,,1.3,,1.1,2.6,2.7,2.8,2.4,2.5,2.6,,,,10.3
13299,553,2021-03-06 19:50:00,19:50,,,1.3,,1.1,2.6,2.7,2.8,2.4,2.5,2.7,,,,10.3
13300,552,2021-03-06 20:00:00,20:00,,,1.3,,1.1,2.6,2.7,2.8,2.4,2.5,2.6,,,,9.7
13301,551,2021-03-06 20:10:00,20:10,,,1.3,,1.1,2.6,2.7,2.8,2.4,2.5,2.6,,,,9.7
13302,550,2021-03-06 20:20:00,20:20,,,1.3,,1.1,2.6,2.7,2.7,2.4,2.5,2.6,,,,10.3
13303,549,2021-03-06 20:30:00,20:30,,,1.2,,1.1,0.4,2.5,2.8,0.4,2.3,2.5,,,,11.0
13304,548,2021-03-06 20:40:00,20:40,,,1.2,,1.1,0.1,0.2,0.4,0.1,0.2,0.4,,,,11.6
13305,547,2021-03-06 20:50:00,20:50,,,1.2,,1.1,0.0,0.1,0.1,0.0,0.1,0.1,,,,12.2
13306,546,2021-03-06 21:00:00,21:00,,,1.3,,1.1,0.0,0.0,0.0,0.0,0.0,0.0,,,,11.0
13307,545,2021-03-06 21:10:00,21:10,,,1.3,,1.1,0.0,0.0,0.0,0.0,0.0,0.0,,,,11.6
13308,544,2021-03-06 21:20:00,21:20,,,1.3,,1.1,0.0,0.0,0.0,0.0,0.0,0.0,,,,11.0
13309,543,2021-03-06 21:30:00,21:30,,,1.3,,1.1,0.0,0.0,0.0,0.0,0.0,0.0,,,,10.3
13310,542,2021-03-06 21:40:00,21:40,,,1.3,,1.1,0.0,0.0,0.0,0.0,0.0,0.0,,,,13.4
13311,541,2021-03-06 21:50:00,21:50,,,1.3,,1.1,0.0,0.0,0.0,0.0,0.0,0.0,,,,12.2
13312,540,2021-03-06 22:00:00,22:00,,,1.3,,1.1,0.0,0.0,0.0,0.0,0.0,0.0,,,,11.0
13313,539,2021-03-06 22:10:00,22:10,,,1.3,,1.1,0.0,0.0,0.0,0.0,0.0,0.0,,,,11.6
13314,538,2021-03-06 22:20:00,22:20,,,1.3,,1.1,0.0,0.0,0.0,0.0,0.0,0.0,,,,11.0
13315,537,2021-03-06 22:30:00,22:30,,,1.3,,1.1,0.0,0.0,0.0,0.0,0.0,0.0,,,,11.0
13316,536,2021-03-06 22:40:00,22:40,,,1.3,,1.1,0.0,0.0,0.0,0.0,0.0,0.0,,,,10.3
13317,535,2021-03-06 22:50:00,22:50,,,1.3,,1.1,0.0,0.0,0.0,0.0,0.0,0.0,,,,11.0
13318,534,2021-03-06 23:00:00,23:00,,,1.3,,1.1,0.0,0.0,0.0,0.0,0.0,0.0,,,,11.0
13319,533,2021-03-06 23:10:00,23:10,,,1.3,,1.1,0.0,0.0,0.0,0.0,0.0,0.0,,,,10.3
13320,532,2021-03-06 23:20:00,23:20,,,1.3,,1.1,0.0,0.0,0.0,0.0,0.0,0.0,,,,11.0
13321,531,2021-03-06 23:30:00,23:30,,,1.3,,1.1,0.0,0.0,0.0,0.0,0.0,0.0,,,,11.0
13322,530,2021-03-06 23:40:00,23:40,,,1.3,,1.1,0.0,0.0,0.0,0.0,0.0,0.0,,,,11.6
13323,529,2021-03-06 23:50:00,23:50,,,1.3,,1.1,0.0,0.0,0.0,0.0,0.0,0.0,,,,10.3
13324,528,2021-03-07 00:00:00,00:00,,,1.3,,1.1,0.0,0.0,0.0,0.0,0.0,0.0,,,,10.3
13325,527,2021-03-07 00:10:00,00:10,,,1.3,,1.1,0.0,0.0,0.0,0.0,0.0,0.0,,,,9.7
13326,526,2021-03-07 00:20:00,00:20,,,1.3,,1.1,0.0,0.0,0.0,0.0,0.0,0.0,,,,11.0
13327,525,2021-03-07 00:30:00,00:30,,,1.2,,1.1,0.0,0.0,0.0,0.0,0.0,0.0,,,,10.3
13328,524,2021-03-07 00:40:00,00:40,,,1.2,,1.1,0.0,0.0,0.0,0.0,0.0,0.0,,,,11.6
13329,523,2021-03-07 00:50:00,00:50,,,1.2,,1.1,0.0,0.0,0.0,0.0,0.0,0.0,,,,12.8
13330,522,2021-03-07 01:00:00,01:00,,,1.2,,1.1,0.0,0.0,0.0,0.0,0.0,0.0,,,,11.0
13331,521,2021-03-07 01:10:00,01:10,,,1.2,,1.1,0.0,0.0,0.0,0.0,0.0,0.0,,,,11.0
13332,520,2021-03-07 01:20:00,01:20,,,1.2,,1.1,0.0,0.0,0.0,0.0,0.0,0.0,,,,13.4
13333,519,2021-03-07 01:30:00,01:30,,,1.2,,1.1,0.0,0.0,0.0,0.0,0.0,0.0,,,,10.3
13334,518,2021-03-07 01:40:00,01:40,,,1.3,,1.1,0.0,0.0,0.0,0.0,0.0,0.0,,,,11.0
13335,517,2021-03-07 01:50:00,01:50,,,1.3,,1.1,0.0,0.0,0.0,0.0,0.0,0.0,,,,12.8
13336,516,2021-03-07 02:00:00,02:00,,,1.2,,1.1,0.0,0.0,0.0,0.0,0.0,0.0,,,,11.6
13337,515,2021-03-07 02:10:00,02:10,,,1.3,,1.1,0.0,0.0,0.0,0.0,0.0,0.0,,,,11.0
13338,514,2021-03-07 02:20:00,02:20,,,1.2,,1.1,0.0,0.0,0.0,0.0,0.0,0.0,,,,10.3
13339,513,2021-03-07 02:30:00,02:30,,,1.3,,1.1,0.0,0.0,0.0,0.0,0.0,0.0,,,,11.0
13340,512,2021-03-07 02:40:00,02:40,,,1.3,,1.1,0.0,0.0,0.0,0.0,0.0,0.0,,,,16.5
13341,511,2021-03-07 02:50:00,02:50,,,1.2,,1.1,0.0,0.0,0.0,0.0,0.0,0.0,,,,11.0
13342,510,2021-03-07 03:00:00,03:00,,,1.2,,1.1,0.0,0.0,0.0,0.0,0.0,0.0,,,,10.3
13343,509,2021-03-07 03:10:00,03:10,,,1.2,,1.1,0.0,0.0,0.0,0.0,0.0,0.0,,,,11.6
13344,508,2021-03-07 03:20:00,03:20,,,1.2,,1.1,0.0,0.0,0.0,0.0,0.0,0.0,,,,10.3
13345,507,2021-03-07 03:30:00,03:30,,,1.2,,1.1,0.0,0.0,0.0,0.0,0.0,0.0,,,,9.7
13346,506,2021-03-07 03:40:00,03:40,,,1.2,,1.1,0.0,0.0,0.0,0.0,0.0,0.0,,,,11.0
13347,505,2021-03-07 03:50:00,03:50,,,1.2,,1.1,0.0,0.0,0.0,0.0,0.0,0.0,,,,10.3
13348,504,2021-03-07 04:00:00,04:00,,,1.3,,1.1,0.0,0.0,0.0,0.0,0.0,0.0,,,,12.2
13349,503,2021-03-07 04:10:00,04:10,,,1.2,,1.1,0.0,0.0,0.0,0.0,0.0,0.0,,,,10.3
13350,502,2021-03-07 04:20:00,04:20,,,1.3,,1.1,0.0,0.0,0.0,0.0,0.0,0.0,,,,10.3
13351,501,2021-03-07 04:30:00,04:30,,,1.2,,1.1,0.0,0.0,0.0,0.0,0.0,0.0,,,,9.1
13352,500,2021-03-07 04:40:00,04:40,,,1.3,,1.1,0.0,0.0,0.0,0.0,0.0,0.0,,,,10.3
13353,499,2021-03-07 04:50:00,04:50,,,1.2,,1.1,0.0,0.0,0.0,0.0,0.0,0.0,,,,11.6
13354,498,2021-03-07 05:00:00,05:00,,,1.3,,1.1,0.0,0.0,0.0,0.0,0.0,0.0,,,,11.6
13355,497,2021-03-07 05:10:00,05:10,,,1.3,,1.1,0.0,0.0,0.0,0.0,0.0,0.0,,,,9.7
13356,496,2021-03-07 05:20:00,05:20,,,1.3,,1.1,0.0,0.0,0.0,0.0,0.0,0.0,,,,9.7
13357,495,2021-03-07 05:30:00,05:30,,,1.2,,1.1,0.0,0.0,0.0,0.0,0.0,0.0,,,,9.7
13358,494,2021-03-07 05:40:00,05:40,,,1.3,,1.1,0.0,0.0,0.0,0.0,0.0,0.0,,,,9.7
13359,493,2021-03-07 05:50:00,05:50,,,1.2,,1.1,0.0,0.0,0.0,0.0,0.0,0.0,,,,10.3
13360,492,2021-03-07 06:00:00,06:00,,,1.3,,1.1,0.0,0.0,0.0,0.0,0.0,0.0,,,,10.3
13361,491,2021-03-07 06:10:00,06:10,,,1.2,,1.1,0.0,0.0,0.0,0.0,0.0,0.0,,,,9.7
13362,490,2021-03-07 06:20:00,06:20,,,1.3,,1.1,0.0,0.0,0.0,0.0,0.0,0.0,,,,11.0
13363,489,2021-03-07 06:30:00,06:30,,,1.2,,1.1,0.0,0.0,0.0,0.0,0.0,0.0,,,,9.7
13364,488,2021-03-07 06:40:00,06:40,,,1.3,,1.1,0.0,0.0,0.0,0.0,0.0,0.0,,,,9.7
13365,487,2021-03-07 06:50:00,06:50,,,1.2,,1.1,0.0,0.0,0.0,0.0,0.0,0.0,,,,9.7
13366,486,2021-03-07 07:00:00,07:00,,,1.3,,1.1,0.0,0.0,0.0,0.0,0.0,0.0,,,,9.7
13367,485,2021-03-07 07:10:00,07:10,,,1.3,,1.1,0.0,0.0,0.0,0.0,0.0,0.0,,,,10.3
13368,484,2021-03-07 07:20:00,07:20,,,1.3,,1.1,0.0,0.0,0.0,0.0,0.0,0.0,,,,9.7
13369,483,2021-03-07 07:30:00,07:30,,,1.3,,1.1,0.0,0.0,0.0,0.0,0.0,0.0,,,,10.3
13370,482,2021-03-07 07:40:00,07:40,,,1.3,,1.1,0.0,0.0,0.0,0.0,0.0,0.0,,,,9.1
13371,481,2021-03-07 07:50:00,07:50,,,1.3,,1.1,0.0,0.8,2.8,0.0,0.7,2.5,,,,11.6
13372,480,2021-03-07 08:00:00,08:00,,,1.3,,1.1,2.6,2.7,2.7,2.3,2.4,2.5,,,,12.2
13373,479,2021-03-07 08:10:00,08:10,,,1.3,,1.1,2.6,2.7,2.7,2.3,2.3,2.4,,,,12.2
13374,478,2021-03-07 08:20:00,08:20,,,1.3,,1.1,2.6,2.7,2.7,2.2,2.3,2.4,,,,11.6
13375,477,2021-03-07 08:30:00,08:30,,,1.3,,1.1,2.6,2.7,2.7,2.2,2.3,2.3,,,,11.6
13376,476,2021-03-07 08:40:00,08:40,,,1.3,,1.1,2.6,2.7,2.7,2.2,2.2,2.3,,,,12.2
13377,475,2021-03-07 08:50:00,08:50,,,1.3,,1.1,2.6,2.7,2.7,2.1,2.2,2.3,,,,11.6
13378,474,2021-03-07 09:00:00,09:00,,,1.3,,1.1,2.6,2.7,2.7,2.1,2.2,2.2,,,,11.0
13379,473,2021-03-07 09:10:00,09:10,,,1.3,,1.1,2.6,2.7,2.8,2.1,2.2,2.8,,,,11.0
13380,472,2021-03-07 09:20:00,09:20,,,1.3,,1.1,2.6,2.7,2.8,2.4,2.5,2.7,,,,11.0
13381,471,2021-03-07 09:30:00,09:30,,,1.3,,1.1,2.6,2.7,2.8,2.4,2.5,2.7,,,,11.6
13382,470,2021-03-07 09:40:00,09:40,,,1.3,,1.1,2.6,2.7,2.8,2.4,2.5,2.6,,,,11.6
13383,469,2021-03-07 09:50:00,09:50,,,1.3,,1.1,2.6,2.7,2.8,2.4,2.5,2.6,,,,11.6
13384,468,2021-03-07 10:00:00,10:00,,,1.3,,1.1,2.6,2.7,2.8,2.4,2.5,2.6,,,,12.2
13385,467,2021-03-07 10:10:00,10:10,,,1.3,,1.1,2.6,2.7,2.8,2.4,2.5,2.6,,,,11.6
13386,466,2021-03-07 10:20:00,10:20,,,1.3,,1.1,2.6,2.7,2.8,2.4,2.5,2.6,,,,12.2
13387,465,2021-03-07 10:30:00,10:30,,,1.3,,1.1,2.6,2.7,2.8,2.4,2.4,2.5,,,,12.8
13388,464,2021-03-07 10:40:00,10:40,,,1.3,,1.1,2.6,2.7,2.7,2.3,2.4,2.5,,,,12.2
13389,463,2021-03-07 10:50:00,10:50,,,1.3,,1.1,2.6,2.7,2.7,2.3,2.4,2.5,,,,12.2
13390,462,2021-03-07 11:00:00,11:00,,,1.3,,1.1,2.6,2.7,2.7,2.3,2.4,2.5,,,,12.8
13391,461,2021-03-07 11:10:00,11:10,,,1.3,,1.1,0.1,0.6,2.7,0.1,0.6,2.4,,,,12.2
13392,460,2021-03-07 11:20:00,11:20,,,1.3,,1.1,0.0,0.1,0.1,0.0,0.1,0.1,,,,11.6
13393,459,2021-03-07 11:30:00,11:30,,,1.3,,1.1,0.0,0.0,0.0,0.0,0.0,0.0,,,,11.6
13394,458,2021-03-07 11:40:00,11:40,,,1.3,,1.1,0.0,0.0,0.0,0.0,0.0,0.0,,,,11.6
13395,457,2021-03-07 11:50:00,11:50,,,1.3,,1.1,0.0,0.0,0.0,0.0,0.0,0.0,,,,11.6
13396,456,2021-03-07 12:00:00,12:00,,,1.3,,1.1,0.0,0.0,0.0,0.0,0.0,0.0,,,,11.6
13397,455,2021-03-07 12:10:00,12:10,,,1.3,,1.1,0.0,0.0,0.0,0.0,0.0,0.0,,,,11.0
13398,454,2021-03-07 12:20:00,12:20,,,1.3,,1.1,0.0,0.0,0.0,0.0,0.0,0.0,,,,11.6
13399,453,2021-03-07 12:30:00,12:30,,,1.3,,1.1,0.0,0.0,0.0,0.0,0.0,0.0,,,,10.3
13400,452,2021-03-07 12:40:00,12:40,,,1.3,,1.1,0.0,0.0,0.0,0.0,0.0,0.0,,,,11.0
13401,451,2021-03-07 12:50:00,12:50,,,1.3,,1.1,0.0,0.0,0.0,0.0,0.0,0.0,,,,10.3
13402,450,2021-03-07 13:00:00,13:00,,,1.3,,1.1,0.0,0.0,0.0,0.0,0.0,0.0,,,,10.3
13403,449,2021-03-07 13:10:00,13:10,,,1.3,,1.1,0.0,0.0,0.0,0.0,0.0,0.0,,,,10.3
13404,448,2021-03-07 13:20:00,13:20,,,1.3,,1.1,0.0,0.0,0.0,0.0,0.0,0.0,,,,11.0
13405,447,2021-03-07 13:30:00,13:30,,,1.3,,1.1,0.0,0.0,0.0,0.0,0.0,0.0,,,,11.0
13406,446,2021-03-07 13:40:00,13:40,,,1.3,,1.1,0.0,0.0,0.0,0.0,0.0,0.0,,,,11.0
13407,445,2021-03-07 13:50:00,13:50,,,1.3,,1.1,0.0,0.0,0.0,0.0,0.0,0.0,,,,10.3
13408,444,2021-03-07 14:00:00,14:00,,,1.3,,1.1,0.0,0.0,0.0,0.0,0.0,0.0,,,,11.6
13409,443,2021-03-07 14:10:00,14:10,,,1.3,,1.1,0.0,0.0,0.0,0.0,0.0,0.0,,,,10.3
13410,442,2021-03-07 14:20:00,14:20,,,1.3,,1.1,0.0,0.0,0.0,0.0,0.0,0.0,,,,13.4
13411,441,2021-03-07 14:30:00,14:30,,,1.3,,1.1,0.0,0.0,0.0,0.0,0.0,0.0,,,,10.3
13412,440,2021-03-07 14:40:00,14:40,,,1.3,,1.1,0.0,0.0,0.0,0.0,0.0,0.0,,,,9.7
13413,439,2021-03-07 14:50:00,14:50,,,1.3,,1.1,0.0,0.0,0.0,0.0,0.0,0.0,,,,10.3
13414,438,2021-03-07 15:00:00,15:00,,,1.3,,1.1,0.0,0.0,0.0,0.0,0.0,0.0,,,,10.3
13415,437,2021-03-07 15:10:00,15:10,,,1.3,,1.1,0.0,0.0,0.0,0.0,0.0,0.0,,,,11.0
13416,436,2021-03-07 15:20:00,15:20,,,1.3,,1.1,0.0,0.0,0.0,0.0,0.0,0.0,,,,10.3
13417,435,2021-03-07 15:30:00,15:30,,,1.3,,1.1,0.0,0.0,0.0,0.0,0.0,0.0,,,,12.8
13418,434,2021-03-07 15:40:00,15:40,,,1.3,,1.1,0.0,0.0,0.0,0.0,0.0,0.0,,,,11.0
13419,433,2021-03-07 15:50:00,15:50,,,1.3,,1.1,0.0,0.0,0.0,0.0,0.0,0.0,,,,11.0
13420,432,2021-03-07 16:00:00,16:00,,,1.3,,1.1,0.0,0.0,0.0,0.0,0.0,0.0,,,,11.0
13421,431,2021-03-07 16:10:00,16:10,,,1.3,,1.1,0.0,0.0,0.0,0.0,0.0,0.0,,,,11.0
13422,430,2021-03-07 16:20:00,16:20,,,1.3,,1.1,0.0,0.0,0.0,0.0,0.0,0.0,,,,11.0
13423,429,2021-03-07 16:30:00,16:30,,,1.3,,1.1,0.0,0.0,0.0,0.0,0.0,0.0,,,,10.3
13424,428,2021-03-07 16:40:00,16:40,,,1.3,,1.1,0.0,0.0,0.0,0.0,0.0,0.0,,,,10.3
13425,427,2021-03-07 16:50:00,16:50,,,1.3,,1.1,0.0,0.0,0.0,0.0,0.0,0.0,,,,10.3
13426,426,2021-03-07 17:00:00,17:00,,,1.3,,1.1,0.0,0.0,0.0,0.0,0.0,0.0,,,,10.3
13427,425,2021-03-07 17:10:00,17:10,,,1.3,,1.1,0.0,0.0,0.0,0.0,0.0,0.0,,,,11.0
13428,424,2021-03-07 17:20:00,17:20,,,1.3,,1.1,0.0,0.0,0.0,0.0,0.0,0.0,,,,12.8
13429,423,2021-03-07 17:30:00,17:30,,,1.3,,1.1,0.0,0.0,0.0,0.0,0.0,0.0,,,,9.7
13430,422,2021-03-07 17:40:00,17:40,,,1.3,,1.1,0.0,0.0,0.0,0.0,0.0,0.0,,,,11.0
13431,421,2021-03-07 17:50:00,17:50,,,1.3,,1.1,0.0,0.0,0.0,0.0,0.0,0.0,,,,10.3
13432,420,2021-03-07 18:00:00,18:00,,,1.3,,1.1,0.0,0.0,0.0,0.0,0.0,0.0,,,,9.7
13433,419,2021-03-07 18:10:00,18:10,,,1.3,,1.1,0.0,0.0,0.0,0.0,0.0,0.0,,,,10.3
13434,418,2021-03-07 18:20:00,18:20,,,1.3,,1.1,0.0,0.0,0.0,0.0,0.0,0.0,,,,10.3
13435,417,2021-03-07 18:30:00,18:30,,,1.3,,1.1,0.0,0.0,0.0,0.0,0.0,0.0,,,,10.3
13436,416,2021-03-07 18:40:00,18:40,,,1.3,,1.1,0.0,0.0,0.0,0.0,0.0,0.0,,,,10.3
13437,415,2021-03-07 18:50:00,18:50,,,1.3,,1.1,0.0,0.0,0.0,0.0,0.0,0.0,,,,11.0
13438,414,2021-03-07 19:00:00,19:00,,,1.3,,1.1,0.0,0.0,0.0,0.0,0.0,0.0,,,,10.3
13439,413,2021-03-07 19:10:00,19:10,,,1.3,,1.1,0.0,0.0,0.0,0.0,0.0,0.0,,,,14.0
13440,412,2021-03-07 19:20:00,19:20,,,1.3,,1.1,0.0,0.0,0.0,0.0,0.0,0.0,,,,9.7
13441,411,2021-03-07 19:30:00,19:30,,,1.3,,1.1,0.0,0.0,0.0,0.0,0.0,0.0,,,,9.7
13442,410,2021-03-07 19:40:00,19:40,,,1.3,,1.1,0.0,0.0,0.0,0.0,0.0,0.0,,,,9.7
13443,409,2021-03-07 19:50:00,19:50,,,1.3,,1.1,0.0,0.0,0.0,0.0,0.0,0.0,,,,9.7
13444,408,2021-03-07 20:00:00,20:00,,,1.3,,1.1,0.0,0.0,0.0,0.0,0.0,0.0,,,,9.7
13445,407,2021-03-07 20:10:00,20:10,,,1.3,,1.1,0.0,0.0,0.0,0.0,0.0,0.0,,,,11.0
13446,406,2021-03-07 20:20:00,20:20,,,1.3,,1.1,0.0,0.0,0.0,0.0,0.0,0.0,,,,10.3
13447,405,2021-03-07 20:30:00,20:30,,,1.3,,1.1,0.0,0.0,0.0,0.0,0.0,0.0,,,,10.3
13448,404,2021-03-07 20:40:00,20:40,,,1.3,,1.1,0.0,0.0,0.0,0.0,0.0,0.0,,,,10.3
13449,403,2021-03-07 20:50:00,20:50,,,1.3,,1.1,0.0,0.0,0.0,0.0,0.0,0.0,,,,10.3
13450,402,2021-03-07 21:00:00,21:00,,,1.3,,1.1,0.0,0.0,0.0,0.0,0.0,0.0,,,,11.0
13451,401,2021-03-07 21:10:00,21:10,,,1.3,,1.1,0.0,0.0,0.0,0.0,0.0,0.0,,,,9.7
13452,400,2021-03-07 21:20:00,21:20,,,1.3,,1.1,0.0,0.0,0.0,0.0,0.0,0.0,,,,10.3
13453,399,2021-03-07 21:30:00,21:30,,,1.3,,1.1,0.0,0.0,0.0,0.0,0.0,0.0,,,,12.2
13454,398,2021-03-07 21:40:00,21:40,,,1.3,,1.1,0.0,0.0,0.0,0.0,0.0,0.0,,,,10.3
13455,397,2021-03-07 21:50:00,21:50,,,1.3,,1.1,0.0,0.0,0.0,0.0,0.0,0.0,,,,12.8
13456,396,2021-03-07 22:00:00,22:00,,,1.3,,1.1,0.0,0.0,0.0,0.0,0.0,0.0,,,,10.3
13457,395,2021-03-07 22:10:00,22:10,,,1.3,,1.1,0.0,0.0,0.0,0.0,0.0,0.0,,,,11.0
13458,394,2021-03-07 22:20:00,22:20,,,1.3,,1.1,0.0,0.0,0.0,0.0,0.0,0.0,,,,12.2
13459,393,2021-03-07 22:30:00,22:30,,,1.3,,1.1,0.0,0.0,0.0,0.0,0.0,0.0,,,,10.3
13460,392,2021-03-07 22:40:00,22:40,,,1.3,,1.1,0.0,1.6,2.8,0.0,1.4,2.5,,,,12.8
13461,391,2021-03-07 22:50:00,22:50,,,1.3,,1.1,2.6,2.7,2.7,2.3,2.4,2.4,,,,12.2
13462,390,2021-03-07 23:00:00,23:00,,,1.3,,1.1,2.6,2.7,2.7,2.2,2.3,2.4,,,,12.2
13463,389,2021-03-07 23:10:00,23:10,,,1.3,,1.1,2.6,2.7,2.7,2.2,2.3,2.4,,,,12.2
13464,388,2021-03-07 23:20:00,23:20,,,1.3,,1.1,2.6,2.7,2.7,2.2,2.3,2.3,,,,11.6
13465,387,2021-03-07 23:30:00,23:30,,,1.3,,1.1,2.6,2.7,2.7,2.1,2.2,2.3,,,,11.6
13466,386,2021-03-07 23:40:00,23:40,,,1.3,,1.1,2.6,2.7,2.7,2.1,2.2,2.3,,,,12.2
13467,385,2021-03-07 23:50:00,23:50,,,1.3,,1.1,2.6,2.7,2.7,2.1,2.2,2.2,,,,12.2
13468,384,2021-03-08 00:00:00,00:00,,,1.3,,1.1,2.5,2.7,2.8,2.1,2.3,2.7,,,,11.0
13469,383,2021-03-08 00:10:00,00:10,,,1.3,,1.1,2.6,2.7,2.8,2.5,2.6,2.7,,,,11.6
13470,382,2021-03-08 00:20:00,00:20,,,1.3,,1.1,2.6,2.7,2.8,2.4,2.5,2.7,,,,11.0
13471,381,2021-03-08 00:30:00,00:30,,,1.3,,1.1,2.6,2.7,2.8,2.4,2.5,2.6,,,,11.0
13472,380,2021-03-08 00:40:00,00:40,,,1.3,,1.1,0.2,1.2,2.8,0.2,1.2,2.6,,,,11.0
13473,379,2021-03-08 00:50:00,00:50,,,1.3,,1.1,0.0,0.2,2.7,0.0,0.2,2.3,,,,11.0
13474,378,2021-03-08 01:00:00,01:00,,,1.3,,1.1,2.6,2.7,2.8,2.3,2.5,2.6,,,,11.6
13475,377,2021-03-08 01:10:00,01:10,,,1.3,,1.1,2.6,2.7,2.7,2.4,2.5,2.6,,,,11.6
13476,376,2021-03-08 01:20:00,01:20,,,1.3,,1.1,2.6,2.7,2.8,2.4,2.5,2.5,,,,11.6
13477,375,2021-03-08 01:30:00,01:30,,,1.3,,1.1,2.6,2.7,2.7,2.4,2.4,2.5,,,,11.6
13478,374,2021-03-08 01:40:00,01:40,,,1.3,,1.1,2.6,2.7,2.7,2.4,2.4,2.5,,,,11.6
13479,373,2021-03-08 01:50:00,01:50,,,1.3,,1.1,2.6,2.7,2.7,2.4,2.4,2.5,,,,11.6
13480,372,2021-03-08 02:00:00,02:00,,,1.3,,1.1,2.6,2.7,2.7,2.3,2.4,2.5,,,,12.8
13481,371,2021-03-08 02:10:00,02:10,,,1.3,,1.1,0.2,1.2,2.7,0.2,1.1,2.4,,,,12.2
13482,370,2021-03-08 02:20:00,02:20,,,1.3,,1.1,0.1,0.1,0.2,0.1,0.1,0.2,,,,14.0
13483,369,2021-03-08 02:30:00,02:30,,,1.3,,1.1,0.0,0.0,0.1,0.0,0.0,0.1,,,,12.8
13484,368,2021-03-08 02:40:00,02:40,,,1.3,,1.1,0.0,0.0,0.0,0.0,0.0,0.0,,,,11.6
13485,367,2021-03-08 02:50:00,02:50,,,1.3,,1.1,0.0,0.0,0.0,0.0,0.0,0.0,,,,12.8
13486,366,2021-03-08 03:00:00,03:00,,,1.3,,1.1,0.0,0.0,0.0,0.0,0.0,0.0,,,,12.2
13487,365,2021-03-08 03:10:00,03:10,,,1.3,,1.1,0.0,0.0,0.0,0.0,0.0,0.0,,,,12.2
13488,364,2021-03-08 03:20:00,03:20,,,1.3,,1.1,0.0,0.0,0.0,0.0,0.0,0.0,,,,12.2
13489,363,2021-03-08 03:30:00,03:30,,,1.3,,1.1,0.0,0.0,0.0,0.0,0.0,0.0,,,,12.8
13490,362,2021-03-08 03:40:00,03:40,,,1.3,,1.1,0.0,0.0,0.0,0.0,0.0,0.0,,,,14.6
13491,361,2021-03-08 03:50:00,03:50,,,1.3,,1.1,0.0,0.0,0.0,0.0,0.0,0.0,,,,11.6
13492,360,2021-03-08 04:00:00,04:00,,,1.3,,1.1,0.0,0.0,0.0,0.0,0.0,0.0,,,,12.2
13493,359,2021-03-08 04:10:00,04:10,,,1.3,,1.1,0.0,0.0,0.0,0.0,0.0,0.0,,,,12.2
13494,358,2021-03-08 04:20:00,04:20,,,1.3,,1.1,0.0,0.0,0.0,0.0,0.0,0.0,,,,13.4
13495,357,2021-03-08 04:30:00,04:30,,,1.3,,1.1,0.0,0.0,0.0,0.0,0.0,0.0,,,,12.2
13496,356,2021-03-08 04:40:00,04:40,,,1.3,,1.1,0.0,0.0,0.0,0.0,0.0,0.0,,,,11.6
13497,355,2021-03-08 04:50:00,04:50,,,1.3,,1.1,0.0,0.0,0.0,0.0,0.0,0.0,,,,11.6
13498,354,2021-03-08 05:00:00,05:00,,,1.3,,1.1,0.0,0.0,0.0,0.0,0.0,0.0,,,,11.6
13499,353,2021-03-08 05:10:00,05:10,,,1.3,,1.1,0.0,0.0,0.0,0.0,0.0,0.0,,,,11.6
13500,352,2021-03-08 05:20:00,05:20,,,1.3,,1.1,0.0,0.0,0.0,0.0,0.0,0.0,,,,13.4
13501,351,2021-03-08 05:30:00,05:30,,,1.3,,1.1,0.0,0.0,0.0,0.0,0.0,0.0,,,,14.0
13502,350,2021-03-08 05:40:00,05:40,,,1.3,,1.1,0.0,0.0,0.0,0.0,0.0,0.0,,,,12.2
13503,349,2021-03-08 05:50:00,05:50,,,1.3,,1.1,0.0,0.0,0.0,0.0,0.0,0.0,,,,12.2
13504,348,2021-03-08 06:00:00,06:00,,,1.3,,1.1,0.0,0.0,0.0,0.0,0.0,0.0,,,,12.8
13505,347,2021-03-08 06:10:00,06:10,,,1.3,,1.1,0.0,0.0,0.0,0.0,0.0,0.0,,,,12.2
13506,346,2021-03-08 06:20:00,06:20,,,1.3,,1.1,0.0,0.0,0.0,0.0,0.0,0.0,,,,12.2
13507,345,2021-03-08 06:30:00,06:30,,,1.3,,1.1,0.0,0.0,0.0,0.0,0.0,0.0,,,,12.8
13508,344,2021-03-08 06:40:00,06:40,,,1.3,,1.1,0.0,0.0,0.0,0.0,0.0,0.0,,,,11.6
13509,343,2021-03-08 06:50:00,06:50,,,1.3,,1.1,0.0,0.0,0.0,0.0,0.0,0.0,,,,12.2
13510,342,2021-03-08 07:00:00,07:00,,,1.3,,1.1,0.0,0.0,0.0,0.0,0.0,0.0,,,,12.2
13511,341,2021-03-08 07:10:00,07:10,,,1.3,,1.1,0.0,0.0,0.0,0.0,0.0,0.0,,,,11.6
13512,340,2021-03-08 07:20:00,07:20,,,1.3,,1.1,0.0,0.0,0.0,0.0,0.0,0.0,,,,11.6
13513,339,2021-03-08 07:30:00,07:30,,,1.3,,1.1,0.0,0.0,0.0,0.0,0.0,0.0,,,,12.2
13514,338,2021-03-08 07:40:00,07:40,,,1.3,,1.1,0.0,0.0,0.0,0.0,0.0,0.0,,,,13.4
13515,337,2021-03-08 07:50:00,07:50,,,1.3,,1.1,0.0,0.0,0.0,0.0,0.0,0.0,,,,12.2
13516,336,2021-03-08 08:00:00,08:00,,,1.3,,1.1,0.0,0.0,0.0,0.0,0.0,0.0,,,,12.2
13517,335,2021-03-08 08:10:00,08:10,,,1.3,,1.1,0.0,0.0,0.0,0.0,0.0,0.0,,,,11.6
13518,334,2021-03-08 08:20:00,08:20,,,1.3,,1.1,0.0,0.0,0.0,0.0,0.0,0.0,,,,13.4
13519,333,2021-03-08 08:30:00,08:30,,,1.3,,1.1,0.0,0.0,0.0,0.0,0.0,0.0,,,,11.6
13520,332,2021-03-08 08:40:00,08:40,,,1.3,,1.1,0.0,0.0,0.0,0.0,0.0,0.0,,,,12.2
13521,331,2021-03-08 08:50:00,08:50,,,1.3,,1.1,0.0,0.0,0.0,0.0,0.0,0.0,,,,11.0
13522,330,2021-03-08 09:00:00,09:00,,,1.3,,1.1,0.0,0.0,0.0,0.0,0.0,0.0,,,,11.6
13523,329,2021-03-08 09:10:00,09:10,,,1.3,,1.1,0.0,0.0,0.0,0.0,0.0,0.0,,,,11.0
13524,328,2021-03-08 09:20:00,09:20,,,1.3,,1.1,0.0,0.0,0.0,0.0,0.0,0.0,,,,12.8
13525,327,2021-03-08 09:30:00,09:30,,,1.3,,1.1,0.0,0.0,0.0,0.0,0.0,0.0,,,,11.6
13526,326,2021-03-08 09:40:00,09:40,,,1.3,,1.1,0.0,0.0,0.0,0.0,0.0,0.0,,,,11.0
13527,325,2021-03-08 09:50:00,09:50,,,1.3,,1.1,0.0,0.0,0.0,0.0,0.0,0.0,,,,11.0
13528,324,2021-03-08 10:00:00,10:00,,,1.3,,1.1,0.0,0.0,0.0,0.0,0.0,0.0,,,,11.6
13529,323,2021-03-08 10:10:00,10:10,,,1.3,,1.1,0.0,0.0,0.0,0.0,0.0,0.0,,,,11.6
13530,322,2021-03-08 10:20:00,10:20,,,1.3,,1.1,0.0,0.0,0.0,0.0,0.0,0.0,,,,11.0
13531,321,2021-03-08 10:30:00,10:30,,,1.3,,1.1,0.0,0.0,0.0,0.0,0.0,0.0,,,,11.6
13532,320,2021-03-08 10:40:00,10:40,,,1.3,,1.1,0.0,0.0,0.0,0.0,0.0,0.0,,,,12.2
13533,319,2021-03-08 10:50:00,10:50,,,1.3,,1.1,0.0,0.0,0.0,0.0,0.0,0.0,,,,11.0
13534,318,2021-03-08 11:00:00,11:00,,,1.3,,1.1,0.0,0.0,0.0,0.0,0.0,0.0,,,,11.6
13535,317,2021-03-08 11:10:00,11:10,,,1.3,,1.1,0.0,0.0,0.0,0.0,0.0,0.0,,,,14.0
13536,316,2021-03-08 11:20:00,11:20,,,1.3,,1.1,0.0,0.0,0.0,0.0,0.0,0.0,,,,11.6
13537,315,2021-03-08 11:30:00,11:30,,,1.3,,1.1,0.0,0.0,0.0,0.0,0.0,0.0,,,,11.6
13538,314,2021-03-08 11:40:00,11:40,,,1.3,,1.1,0.0,0.0,0.0,0.0,0.0,0.0,,,,11.6
13539,313,2021-03-08 11:50:00,11:50,,,1.3,,1.1,0.0,0.0,0.0,0.0,0.0,0.0,,,,11.6
13540,312,2021-03-08 12:00:00,12:00,,,1.3,,1.1,0.0,0.0,0.0,0.0,0.0,0.0,,,,11.6
13541,311,2021-03-08 12:10:00,12:10,,,1.3,,1.1,0.0,0.0,0.0,0.0,0.0,0.0,,,,11.6
13542,310,2021-03-08 12:20:00,12:20,,,1.3,,1.1,0.0,0.0,0.0,0.0,0.0,0.0,,,,12.2
13543,309,2021-03-08 12:30:00,12:30,,,1.3,,1.1,0.0,0.0,0.0,0.0,0.0,0.0,,,,11.0
13544,308,2021-03-08 12:40:00,12:40,,,1.3,,1.1,0.0,0.0,0.0,0.0,0.0,0.0,,,,12.2
13545,307,2021-03-08 12:50:00,12:50,,,1.3,,1.1,0.0,0.5,2.7,0.0,0.4,2.5,,,,12.2
13546,306,2021-03-08 13:00:00,13:00,,,1.3,,1.1,2.6,2.7,2.7,2.3,2.4,2.5,,,,12.8
13547,305,2021-03-08 13:10:00,13:10,,,1.3,,1.1,2.6,2.7,2.7,2.3,2.4,2.5,,,,12.8
13548,304,2021-03-08 13:20:00,13:20,,,1.3,,1.1,2.6,2.7,2.7,2.3,2.4,2.4,,,,12.8
13549,303,2021-03-08 13:30:00,13:30,,,1.3,,1.1,2.6,2.7,2.7,2.3,2.3,2.4,,,,13.4
13550,302,2021-03-08 13:40:00,13:40,,,1.3,,1.1,2.6,2.7,2.7,2.2,2.3,2.4,,,,12.8
13551,301,2021-03-08 13:50:00,13:50,,,1.3,,1.1,2.6,2.7,2.8,2.2,2.3,2.4,,,,13.4
13552,300,2021-03-08 14:00:00,14:00,,,1.3,,1.1,2.6,2.7,2.7,2.2,2.3,2.3,,,,13.4
13553,299,2021-03-08 14:10:00,14:10,,,1.3,,1.1,2.6,2.7,2.7,2.2,2.2,2.3,,,,12.2
13554,298,2021-03-08 14:20:00,14:20,,,1.3,,1.1,2.6,2.7,2.7,2.1,2.2,2.3,,,,13.4
13555,297,2021-03-08 14:30:00,14:30,,,1.3,,1.1,2.6,2.7,2.7,2.1,2.2,2.2,,,,13.4
13556,296,2021-03-08 14:40:00,14:40,,,1.3,,1.1,2.6,2.7,2.8,2.1,2.2,2.7,,,,13.4
13557,295,2021-03-08 14:50:00,14:50,,,1.3,,1.1,2.6,2.7,2.8,2.4,2.5,2.7,,,,13.4
13558,294,2021-03-08 15:00:00,15:00,,,1.3,,1.1,2.6,2.7,2.8,2.4,2.5,2.7,,,,13.4
13559,293,2021-03-08 15:10:00,15:10,,,1.3,,1.1,2.6,2.7,2.8,2.4,2.5,2.6,,,,15.2
13560,292,2021-03-08 15:20:00,15:20,,,1.3,,1.1,2.6,2.7,2.8,2.4,2.5,2.6,,,,14.0
13561,291,2021-03-08 15:30:00,15:30,,,1.3,,1.1,2.6,2.7,2.8,2.4,2.5,2.6,,,,14.0
13562,290,2021-03-08 15:40:00,15:40,,,1.3,,1.1,2.6,2.7,2.8,2.4,2.5,2.6,,,,14.0
13563,289,2021-03-08 15:50:00,15:50,,,1.3,,1.1,2.6,2.7,2.8,2.4,2.5,2.6,,,,15.8
13564,288,2021-03-08 16:00:00,16:00,,,1.3,,1.2,2.6,2.7,2.8,2.4,2.4,2.5,,,,15.8
13565,287,2021-03-08 16:10:00,16:10,,,1.3,,1.2,0.2,1.3,2.7,0.2,1.2,2.5,,,,15.2
13566,286,2021-03-08 16:20:00,16:20,,,1.3,,1.1,0.0,0.1,0.2,0.0,0.1,0.2,,,,14.0
13567,285,2021-03-08 16:30:00,16:30,,,1.3,,1.1,0.0,0.0,0.0,0.0,0.0,0.0,,,,14.0
13568,284,2021-03-08 16:40:00,16:40,,,1.3,,1.1,0.0,0.0,0.0,0.0,0.0,0.0,,,,13.4
13569,283,2021-03-08 16:50:00,16:50,,,1.3,,1.1,0.0,0.0,0.0,0.0,0.0,0.0,,,,13.4
13570,282,2021-03-08 17:00:00,17:00,,,1.3,,1.1,0.0,0.0,0.0,0.0,0.0,0.0,,,,14.6
13571,281,2021-03-08 17:10:00,17:10,,,1.3,,1.2,0.0,0.0,0.0,0.0,0.0,0.0,,,,14.0
13572,280,2021-03-08 17:20:00,17:20,,,1.3,,1.2,0.0,0.0,0.0,0.0,0.0,0.0,,,,13.4
13573,279,2021-03-08 17:30:00,17:30,,,1.3,,1.2,0.0,0.0,0.0,0.0,0.0,0.0,,,,13.4
13574,278,2021-03-08 17:40:00,17:40,,,1.3,,1.2,0.0,0.0,0.0,0.0,0.0,0.0,,,,13.4
13575,277,2021-03-08 17:50:00,17:50,,,1.3,,1.2,0.0,0.0,0.0,0.0,0.0,0.0,,,,14.0
13576,276,2021-03-08 18:00:00,18:00,,,1.3,,1.2,0.0,0.0,0.0,0.0,0.0,0.0,,,,14.6
13577,275,2021-03-08 18:10:00,18:10,,,1.3,,1.1,0.0,0.0,0.0,0.0,0.0,0.0,,,,14.6
13578,274,2021-03-08 18:20:00,18:20,,,1.3,,1.1,0.0,0.0,0.0,0.0,0.0,0.0,,,,14.6
13579,273,2021-03-08 18:30:00,18:30,,,1.3,,1.1,0.0,0.0,0.0,0.0,0.0,0.0,,,,14.6
13580,272,2021-03-08 18:40:00,18:40,,,1.3,,1.1,0.0,0.0,0.0,0.0,0.0,0.0,,,,14.0
13581,271,2021-03-08 18:50:00,18:50,,,1.3,,1.1,0.0,0.0,0.0,0.0,0.0,0.0,,,,14.0
13582,270,2021-03-08 19:00:00,19:00,,,1.3,,1.1,0.0,0.0,0.0,0.0,0.0,0.0,,,,14.6
13583,269,2021-03-08 19:10:00,19:10,,,1.3,,1.1,0.0,0.0,0.0,0.0,0.0,0.0,,,,14.6
13584,268,2021-03-08 19:20:00,19:20,,,1.3,,1.1,0.0,0.0,0.0,0.0,0.0,0.0,,,,15.8
13585,267,2021-03-08 19:30:00,19:30,,,1.3,,1.1,0.0,0.0,0.0,0.0,0.0,0.0,,,,15.8
13586,266,2021-03-08 19:40:00,19:40,,,1.3,,1.1,0.0,0.0,0.0,0.0,0.0,0.0,,,,16.5
13587,265,2021-03-08 19:50:00,19:50,,,1.3,,1.1,0.0,0.0,0.0,0.0,0.0,0.0,,,,14.6
13588,264,2021-03-08 20:00:00,20:00,,,1.3,,1.1,0.0,0.0,0.0,0.0,0.0,0.0,,,,17.7
13589,263,2021-03-08 20:10:00,20:10,,,1.2,,1.1,0.0,0.0,0.0,0.0,0.0,0.0,,,,16.5
13590,262,2021-03-08 20:20:00,20:20,,,1.1,,1.0,0.0,0.0,0.0,0.0,0.0,0.0,,,,21.3
13591,261,2021-03-08 20:30:00,20:30,,,1.3,,1.1,0.0,0.0,0.0,0.0,0.0,0.0,,,,17.7
13592,260,2021-03-08 20:40:00,20:40,,,1.3,,1.1,0.0,0.0,0.0,0.0,0.0,0.0,,,,15.8
13593,259,2021-03-08 20:50:00,20:50,,,1.3,,1.2,0.0,0.0,0.0,0.0,0.0,0.0,,,,15.8
13594,258,2021-03-08 21:00:00,21:00,,,1.3,,1.2,0.0,0.0,0.0,0.0,0.0,0.0,,,,17.1
13595,257,2021-03-08 21:10:00,21:10,,,1.3,,1.2,0.0,0.0,0.0,0.0,0.0,0.0,,,,17.1
13596,256,2021-03-08 21:20:00,21:20,,,1.3,,1.1,0.0,0.0,0.0,0.0,0.0,0.0,,,,16.5
13597,255,2021-03-08 21:30:00,21:30,,,1.3,,1.2,0.0,0.0,0.0,0.0,0.0,0.0,,,,18.3
13598,254,2021-03-08 21:40:00,21:40,,,1.3,,1.2,0.0,0.0,0.0,0.0,0.0,0.0,,,,16.5
13599,253,2021-03-08 21:50:00,21:50,,,1.3,,1.2,0.0,0.0,0.0,0.0,0.0,0.0,,,,16.5
13600,252,2021-03-08 22:00:00,22:00,,,1.3,,1.2,0.0,0.0,0.0,0.0,0.0,0.0,,,,16.5
13601,251,2021-03-08 22:10:00,22:10,,,1.3,,1.2,0.0,0.0,0.0,0.0,0.0,0.0,,,,18.3
13602,250,2021-03-08 22:20:00,22:20,,,1.3,,1.2,0.0,0.0,0.0,0.0,0.0,0.0,,,,17.1
13603,249,2021-03-08 22:30:00,22:30,,,1.3,,1.2,0.0,0.0,0.0,0.0,0.0,0.0,,,,17.7
13604,248,2021-03-08 22:40:00,22:40,,,1.3,,1.2,0.0,0.0,0.0,0.0,0.0,0.0,,,,18.3
13605,247,2021-03-08 22:50:00,22:50,,,1.3,,1.2,0.0,0.0,0.0,0.0,0.0,0.0,,,,15.2
13606,246,2021-03-08 23:00:00,23:00,,,1.3,,1.2,0.0,0.0,0.0,0.0,0.0,0.0,,,,14.6
13607,245,2021-03-08 23:10:00,23:10,,,1.3,,1.2,0.0,0.0,0.0,0.0,0.0,0.0,,,,15.2
13608,244,2021-03-08 23:20:00,23:20,,,1.3,,1.2,0.0,0.0,0.0,0.0,0.0,0.0,,,,17.7
13609,243,2021-03-08 23:30:00,23:30,,,1.3,,1.2,0.0,0.0,0.0,0.0,0.0,0.0,,,,17.7
13610,242,2021-03-08 23:40:00,23:40,,,1.3,,1.2,0.0,0.0,0.0,0.0,0.0,0.0,,,,16.5
13611,241,2021-03-08 23:50:00,23:50,,,1.3,,1.2,0.0,0.0,0.0,0.0,0.0,0.0,,,,16.5
13612,240,2021-03-09 00:00:00,00:00,,,1.3,,1.2,0.0,0.0,0.0,0.0,0.0,0.0,,,,19.5
13613,239,2021-03-09 00:10:00,00:10,,,1.3,,1.2,0.0,0.0,0.0,0.0,0.0,0.0,,,,18.3
13614,238,2021-03-09 00:20:00,00:20,,,1.2,,1.1,0.0,0.0,0.0,0.0,0.0,0.0,,,,18.9
13615,237,2021-03-09 00:30:00,00:30,,,0.8,,0.6,0.0,0.0,0.0,0.0,0.0,0.0,,,,18.3
13616,236,2021-03-09 00:40:00,00:40,,,1.1,,1.0,0.0,0.0,0.0,0.0,0.0,0.0,,,,15.2
13617,235,2021-03-09 00:50:00,00:50,,,1.3,,1.2,0.0,0.0,0.0,0.0,0.0,0.0,,,,14.0
13618,234,2021-03-09 01:00:00,01:00,,,1.3,,1.2,0.0,0.0,0.0,0.0,0.0,0.0,,,,14.6
13619,233,2021-03-09 01:10:00,01:10,,,1.3,,1.2,0.0,0.0,0.0,0.0,0.0,0.0,,,,17.1
13620,232,2021-03-09 01:20:00,01:20,,,1.3,,1.2,0.0,0.0,0.0,0.0,0.0,0.0,,,,14.6
13621,231,2021-03-09 01:30:00,01:30,,,1.3,,1.2,0.0,0.0,0.0,0.0,0.0,0.0,,,,15.2
13622,230,2021-03-09 01:40:00,01:40,,,1.3,,1.2,0.0,0.0,0.0,0.0,0.0,0.0,,,,15.2
13623,229,2021-03-09 01:50:00,01:50,,,1.3,,1.2,0.0,0.0,0.0,0.0,0.0,0.0,,,,14.6
13624,228,2021-03-09 02:00:00,02:00,,,1.3,,1.1,0.0,0.1,2.7,0.0,0.1,2.3,,,,14.6
13625,227,2021-03-09 02:10:00,02:10,,,1.3,,1.2,2.6,2.7,2.8,2.3,2.5,2.6,,,,15.8
13626,226,2021-03-09 02:20:00,02:20,,,1.3,,1.1,0.9,2.6,2.7,0.8,2.4,2.5,,,,15.2
13627,225,2021-03-09 02:30:00,02:30,,,1.2,,1.1,2.6,2.7,2.7,2.3,2.4,2.5,,,,14.6
13628,224,2021-03-09 02:40:00,02:40,,,1.2,,1.1,2.6,2.7,2.7,2.3,2.4,2.4,,,,17.1
13629,223,2021-03-09 02:50:00,02:50,,,1.2,,1.1,2.6,2.7,2.7,2.3,2.3,2.4,,,,17.7
13630,222,2021-03-09 03:00:00,03:00,,,1.2,,1.1,2.6,2.7,2.7,2.3,2.3,2.4,,,,17.1
13631,221,2021-03-09 03:10:00,03:10,,,1.2,,1.1,2.6,2.7,2.7,2.2,2.3,2.4,,,,17.1
13632,220,2021-03-09 03:20:00,03:20,,,1.2,,1.1,2.6,2.7,2.7,2.2,2.3,2.3,,,,15.2
13633,219,2021-03-09 03:30:00,03:30,,,1.2,,1.1,2.6,2.7,2.7,2.2,2.3,2.3,,,,16.5
13634,218,2021-03-09 03:40:00,03:40,,,1.2,,1.1,0.2,1.7,2.7,0.2,1.5,2.3,,,,22.6
13635,217,2021-03-09 03:50:00,03:50,,,1.2,,1.1,0.1,0.1,0.2,0.1,0.2,0.2,,,,40.3
13636,216,2021-03-09 04:00:00,04:00,,,1.2,,1.1,0.0,0.1,0.1,0.0,0.1,0.1,,,,41.5
13637,215,2021-03-09 04:10:00,04:10,,,1.2,,1.1,0.0,0.0,0.0,0.0,0.0,0.0,,,,52.5
13638,214,2021-03-09 04:20:00,04:20,,,1.2,,1.1,0.0,0.0,0.0,0.0,0.0,0.0,,,,40.3
13639,213,2021-03-09 04:30:00,04:30,,,1.2,,1.1,0.0,0.0,0.0,0.0,0.0,0.0,,,,27.5
13640,212,2021-03-09 04:40:00,04:40,,,1.2,,1.1,0.0,0.0,0.0,0.0,0.0,0.0,,,,28.7
13641,211,2021-03-09 04:50:00,04:50,,,1.2,,1.1,0.0,0.0,0.0,0.0,0.0,0.0,,,,29.3
13642,210,2021-03-09 05:00:00,05:00,,,1.2,,1.1,0.0,0.0,0.0,0.0,0.0,0.0,,,,28.1
13643,209,2021-03-09 05:10:00,05:10,,,1.2,,1.0,0.0,0.0,0.5,0.0,0.0,0.3,,,,12.2
13644,208,2021-03-09 05:20:00,05:20,,,1.2,,1.1,0.7,2.7,2.8,0.6,2.4,2.7,,,,10.3
13645,207,2021-03-09 05:30:00,05:30,,,1.2,,1.1,2.6,2.7,2.8,2.4,2.5,2.7,,,,9.7
13646,206,2021-03-09 05:40:00,05:40,,,1.2,,1.0,2.6,2.7,2.8,2.4,2.5,2.6,,,,9.7
13647,205,2021-03-09 05:50:00,05:50,,,1.2,,1.1,2.6,2.7,2.8,2.4,2.5,2.6,,,,9.7
13648,204,2021-03-09 06:00:00,06:00,,,1.2,,1.1,2.6,2.7,2.8,2.4,2.5,2.6,,,,9.1
13649,203,2021-03-09 06:10:00,06:10,,,1.2,,1.1,2.6,2.7,2.8,2.4,2.5,2.6,,,,9.1
13650,202,2021-03-09 06:20:00,06:20,,,1.2,,1.1,2.6,2.7,2.8,2.4,2.5,2.6,,,,8.5
13651,201,2021-03-09 06:30:00,06:30,,,1.2,,1.0,2.6,2.7,2.8,2.4,2.4,2.5,,,,9.1
13652,200,2021-03-09 06:40:00,06:40,,,1.2,,1.1,2.6,2.7,2.8,2.4,2.4,2.5,,,,9.1
13653,199,2021-03-09 06:50:00,06:50,,,1.2,,1.0,2.6,2.7,2.8,2.3,2.4,2.5,,,,9.1
13654,198,2021-03-09 07:00:00,07:00,,,1.2,,1.0,2.6,2.7,2.7,2.3,2.4,2.5,,,,9.1
13655,197,2021-03-09 07:10:00,07:10,,,1.2,,1.0,2.6,2.7,2.7,2.3,2.4,2.5,,,,9.1
13656,196,2021-03-09 07:20:00,07:20,,,1.2,,1.0,2.6,2.7,2.7,2.3,2.4,2.5,,,,9.1
13657,195,2021-03-09 07:30:00,07:30,,,1.2,,1.0,2.6,2.7,2.7,2.3,2.4,2.5,,,,8.5
13658,194,2021-03-09 07:40:00,07:40,,,1.2,,1.0,2.6,2.7,2.7,2.3,2.4,2.5,,,,8.5
13659,193,2021-03-09 07:50:00,07:50,,,1.2,,1.0,2.6,2.7,2.8,2.3,2.4,2.5,,,,7.9
13660,192,2021-03-09 08:00:00,08:00,,,1.2,,1.0,2.6,2.7,2.7,2.3,2.4,2.4,,,,7.9
13661,191,2021-03-09 08:10:00,08:10,,,1.1,,1.0,0.1,0.6,2.7,0.1,0.5,2.4,,,,9.1
13662,190,2021-03-09 08:20:00,08:20,,,1.1,,1.0,0.1,0.9,2.8,0.1,0.8,2.7,,,,7.9
13663,189,2021-03-09 08:30:00,08:30,,,1.1,,1.0,0.2,2.1,2.8,0.2,2.0,2.7,,,,51.3
13664,188,2021-03-09 08:40:00,08:40,,,0.9,,0.7,0.0,0.1,0.2,0.0,0.1,0.2,,,,500.0
13665,187,2021-03-09 08:50:00,08:50,,,0.5,,0.4,0.0,0.0,0.0,0.0,0.0,0.0,,,,500.0
13666,186,2021-03-09 09:00:00,09:00,,,0.4,,0.3,0.0,0.0,0.0,0.0,0.0,0.0,,,,427.2
13667,185,2021-03-09 09:10:00,09:10,,,0.4,,0.3,0.0,0.0,0.0,0.0,0.0,0.0,,,,372.2
13668,184,2021-03-09 09:20:00,09:20,,,0.4,,0.3,0.0,0.0,0.0,0.0,0.0,0.0,,,,95.3
13669,183,2021-03-09 09:30:00,09:30,,,0.8,,0.7,0.0,0.4,2.7,0.0,0.3,2.4,,,,37.2
13670,182,2021-03-09 09:40:00,09:40,,,1.1,,1.0,0.0,0.0,0.2,0.0,0.0,0.2,,,,12.8
13671,181,2021-03-09 09:50:00,09:50,,,1.1,,1.0,0.0,0.0,0.0,0.0,0.0,0.0,,,,12.8
13672,180,2021-03-09 10:00:00,10:00,,,1.1,,1.0,0.0,0.0,0.0,0.0,0.0,0.0,,,,11.6
13673,179,2021-03-09 10:10:00,10:10,,,1.1,,1.0,0.0,0.3,2.7,0.0,0.3,2.2,,,,14.0
13674,178,2021-03-09 10:20:00,10:20,,,1.1,,1.0,2.2,2.7,2.8,2.1,2.5,2.8,,,,13.4
13675,177,2021-03-09 10:30:00,10:30,,,1.1,,1.0,2.6,2.7,2.8,2.5,2.5,2.6,,,,12.8
13676,176,2021-03-09 10:40:00,10:40,,,1.1,,1.0,2.6,2.7,2.8,2.5,2.5,2.6,,,,12.8
13677,175,2021-03-09 10:50:00,10:50,,,1.1,,1.0,2.6,2.7,2.8,2.4,2.5,2.6,,,,12.8
13678,174,2021-03-09 11:00:00,11:00,,,1.1,,1.0,2.6,2.7,2.8,2.4,2.5,2.6,,,,13.4
13679,173,2021-03-09 11:10:00,11:10,,,1.1,,1.0,2.6,2.7,2.8,2.4,2.5,2.6,,,,12.2
13680,172,2021-03-09 11:20:00,11:20,,,1.1,,1.0,2.6,2.7,2.8,2.4,2.5,2.6,,,,12.2
13681,171,2021-03-09 11:30:00,11:30,,,1.1,,1.0,2.6,2.7,2.8,2.4,2.5,2.6,,,,12.8
13682,170,2021-03-09 11:40:00,11:40,,,1.1,,1.0,2.6,2.7,2.8,2.4,2.5,2.6,,,,13.4
13683,169,2021-03-09 11:50:00,11:50,,,1.1,,1.0,2.6,2.7,2.8,2.4,2.5,2.6,,,,12.8
13684,168,2021-03-09 12:00:00,12:00,,,1.1,,1.0,0.4,2.4,2.8,0.4,2.2,2.6,,,,12.2
13685,167,2021-03-09 12:10:00,12:10,,,1.1,,1.0,2.4,2.7,2.7,2.1,2.5,2.6,,,,11.0
13686,166,2021-03-09 12:20:00,12:20,,,1.1,,1.0,2.6,2.7,2.7,2.4,2.5,2.5,,,,11.0
13687,165,2021-03-09 12:30:00,12:30,,,1.1,,1.0,2.6,2.7,2.7,2.4,2.5,2.5,,,,10.3
13688,164,2021-03-09 12:40:00,12:40,,,1.1,,1.0,2.6,2.7,2.7,2.4,2.5,2.5,,,,11.0
13689,163,2021-03-09 12:50:00,12:50,,,1.1,,1.0,2.6,2.7,2.8,2.4,2.4,2.6,,,,11.0
13690,162,2021-03-09 13:00:00,13:00,,,1.1,,1.0,2.6,2.7,2.7,2.4,2.4,2.5,,,,11.0
13691,161,2021-03-09 13:10:00,13:10,,,1.1,,1.0,2.6,2.7,2.7,2.4,2.4,2.5,,,,11.0
13692,160,2021-03-09 13:20:00,13:20,,,1.1,,1.0,2.6,2.7,2.7,2.4,2.4,2.5,,,,11.0
13693,159,2021-03-09 13:30:00,13:30,,,1.1,,1.0,2.6,2.7,2.7,2.4,2.4,2.5,,,,11.0
13694,158,2021-03-09 13:40:00,13:40,,,1.1,,1.0,2.6,2.7,2.7,2.4,2.4,2.5,,,,10.3
13695,157,2021-03-09 13:50:00,13:50,,,1.1,,1.0,2.6,2.7,2.7,2.3,2.4,2.5,,,,11.0
13696,156,2021-03-09 14:00:00,14:00,,,1.1,,1.0,2.6,2.7,2.7,2.3,2.4,2.5,,,,10.3
13697,155,2021-03-09 14:10:00,14:10,,,1.1,,1.0,2.6,2.7,2.7,2.3,2.4,2.5,,,,11.0
13698,154,2021-03-09 14:20:00,14:20,,,1.1,,1.0,2.6,2.7,2.7,2.3,2.4,2.5,,,,11.0
13699,153,2021-03-09 14:30:00,14:30,,,1.1,,1.0,2.6,2.7,2.7,2.3,2.4,2.5,,,,10.3
13700,152,2021-03-09 14:40:00,14:40,,,1.1,,1.0,2.6,2.7,2.7,2.3,2.4,2.5,,,,11.0
13701,151,2021-03-09 14:50:00,14:50,,,1.1,,1.0,2.6,2.7,2.7,2.3,2.4,2.5,,,,11.6
13702,150,2021-03-09 15:00:00,15:00,,,1.1,,1.0,2.6,2.7,2.7,2.3,2.4,2.4,,,,11.6
13703,149,2021-03-09 15:10:00,15:10,,,1.1,,1.0,2.6,2.7,2.7,2.3,2.4,2.4,,,,11.0
13704,148,2021-03-09 15:20:00,15:20,,,1.1,,1.0,2.6,2.7,2.7,2.3,2.4,2.4,,,,10.3
13705,147,2021-03-09 15:30:00,15:30,,,1.1,,1.0,2.6,2.7,2.7,2.3,2.4,2.4,,,,11.0
13706,146,2021-03-09 15:40:00,15:40,,,1.1,,1.0,2.6,2.7,2.7,2.3,2.4,2.4,,,,11.0
13707,145,2021-03-09 15:50:00,15:50,,,1.1,,1.0,2.6,2.7,2.7,2.3,2.3,2.4,,,,11.0
13708,144,2021-03-09 16:00:00,16:00,,,1.1,,1.0,2.6,2.7,2.7,2.3,2.3,2.4,,,,11.0
13709,143,2021-03-09 16:10:00,16:10,,,1.1,,1.0,2.6,2.7,2.7,2.3,2.3,2.4,,,,11.0
13710,142,2021-03-09 16:20:00,16:20,,,1.1,,0.9,1.9,2.7,2.9,2.0,2.4,2.8,,,,10.3
13711,141,2021-03-09 16:30:00,16:30,,,1.1,,1.0,2.6,2.7,2.8,2.5,2.6,2.7,,,,11.0
13712,140,2021-03-09 16:40:00,16:40,,,1.1,,0.9,2.6,2.7,2.8,2.5,2.6,2.7,,,,12.2
13713,139,2021-03-09 16:50:00,16:50,,,1.1,,0.9,2.6,2.7,2.8,2.5,2.6,2.7,,,,11.0
13714,138,2021-03-09 17:00:00,17:00,,,1.1,,0.9,2.6,2.7,2.8,2.5,2.6,2.7,,,,11.0
13715,137,2021-03-09 17:10:00,17:10,,,1.1,,0.9,2.6,2.7,2.8,2.5,2.6,2.7,,,,11.0
13716,136,2021-03-09 17:20:00,17:20,,,1.1,,0.9,2.6,2.7,2.8,2.4,2.5,2.7,,,,11.0
13717,135,2021-03-09 17:30:00,17:30,,,1.1,,0.9,2.6,2.7,2.8,2.5,2.5,2.7,,,,11.0
13718,134,2021-03-09 17:40:00,17:40,,,1.1,,0.9,2.6,2.7,2.8,2.5,2.5,2.6,,,,11.6
13719,133,2021-03-09 17:50:00,17:50,,,1.1,,0.9,2.6,2.7,2.8,2.5,2.5,2.7,,,,11.0
13720,132,2021-03-09 18:00:00,18:00,,,1.1,,0.9,2.6,2.7,2.8,2.4,2.5,2.8,,,,11.0
13721,131,2021-03-09 18:10:00,18:10,,,1.1,,0.9,2.6,2.7,2.8,2.5,2.5,2.6,,,,11.6
13722,130,2021-03-09 18:20:00,18:20,,,1.1,,0.9,2.6,2.7,2.8,2.5,2.5,2.6,,,,11.0
13723,129,2021-03-09 18:30:00,18:30,,,1.1,,0.9,2.6,2.7,2.8,2.5,2.5,2.6,,,,11.0
13724,128,2021-03-09 18:40:00,18:40,,,1.1,,0.9,2.6,2.7,2.8,2.4,2.5,2.6,,,,11.0
13725,127,2021-03-09 18:50:00,18:50,,,1.1,,0.9,2.6,2.7,2.8,2.4,2.5,2.6,,,,11.0
13726,126,2021-03-09 19:00:00,19:00,,,1.1,,0.9,2.6,2.7,2.8,2.4,2.5,2.6,,,,11.6
13727,125,2021-03-09 19:10:00,19:10,,,1.1,,0.9,0.1,0.9,2.8,0.1,0.9,2.6,,,,11.6
13728,124,2021-03-09 19:20:00,19:20,,,1.1,,0.9,0.0,0.5,2.7,0.0,0.5,2.5,,,,11.0
13729,123,2021-03-09 19:30:00,19:30,,,1.0,,0.9,2.6,2.7,2.7,2.4,2.5,2.5,,,,11.6
13730,122,2021-03-09 19:40:00,19:40,,,1.0,,0.9,0.1,0.7,2.7,0.1,0.7,2.5,,,,392.4
13731,121,2021-03-09 19:50:00,19:50,,,1.1,,0.9,0.0,0.1,0.1,0.0,0.1,0.1,,,,334.9
13732,120,2021-03-09 20:00:00,20:00,,,0.7,,0.6,0.0,0.0,0.0,0.0,0.0,0.0,,,,377.7
13733,119,2021-03-09 20:10:00,20:10,,,0.0,,0.0,0.0,0.0,0.0,0.0,0.0,0.0,,,,5.5
13734,118,2021-03-09 20:20:00,20:20,,,0.0,,0.0,0.0,0.0,0.0,0.0,0.0,0.0,,,,4.2
13735,117,2021-03-09 20:30:00,20:30,,,0.6,,0.5,0.0,1.6,2.7,0.0,1.3,2.3,,,,4.2
13736,116,2021-03-09 20:40:00,20:40,,,1.1,,0.9,2.7,2.7,2.7,2.1,2.2,2.3,,,,3.6
13737,115,2021-03-09 20:50:00,20:50,,,1.0,,0.9,2.7,2.7,2.7,2.1,2.2,2.3,,,,6.1
13738,114,2021-03-09 21:00:00,21:00,,,1.0,,0.9,2.7,2.7,2.7,2.1,2.2,2.2,,,,3.6
13739,113,2021-03-09 21:10:00,21:10,,,1.0,,0.9,2.7,2.7,2.7,2.1,2.2,2.2,,,,3.6
13740,112,2021-03-09 21:20:00,21:20,,,1.0,,0.9,2.7,2.7,2.7,2.1,2.2,2.2,,,,3.6
13741,111,2021-03-09 21:30:00,21:30,,,1.0,,0.9,2.7,2.7,2.7,2.1,2.2,2.2,,,,3.6
13742,110,2021-03-09 21:40:00,21:40,,,1.0,,0.9,2.6,2.7,2.7,2.1,2.2,2.2,,,,5.5
13743,109,2021-03-09 21:50:00,21:50,,,1.0,,0.9,2.6,2.7,2.7,2.1,2.2,2.2,,,,3.6
13744,108,2021-03-09 22:00:00,22:00,,,1.1,,0.9,2.5,2.7,2.8,2.1,2.5,2.7,,,,3.6
13745,107,2021-03-09 22:10:00,22:10,,,1.1,,0.9,2.6,2.7,2.8,2.5,2.6,2.7,,,,3.6
13746,106,2021-03-09 22:20:00,22:20,,,1.1,,0.9,2.6,2.7,2.8,2.5,2.6,2.7,,,,4.2
13747,105,2021-03-09 22:30:00,22:30,,,1.0,,0.9,2.6,2.7,2.8,2.5,2.6,2.7,,,,10.3
13748,104,2021-03-09 22:40:00,22:40,,,1.0,,0.9,0.1,0.5,2.8,0.1,0.5,2.7,,,,23.2
13749,103,2021-03-09 22:50:00,22:50,,,0.6,,0.4,0.0,0.0,0.1,0.0,0.0,0.1,,,,18.3
13750,102,2021-03-09 23:00:00,23:00,,,0.6,,0.5,0.0,0.0,0.0,0.0,0.0,0.0,,,,3.6
13751,101,2021-03-09 23:10:00,23:10,,,1.0,,0.9,0.0,0.0,0.0,0.0,0.0,0.0,,,,3.6
13752,100,2021-03-09 23:20:00,23:20,,,1.1,,0.9,0.0,1.2,2.8,0.0,1.0,2.5,,,,4.2
13753,99,2021-03-09 23:30:00,23:30,,,1.0,,0.9,2.6,2.7,2.7,2.4,2.4,2.5,,,,3.6
13754,98,2021-03-09 23:40:00,23:40,,,1.0,,0.9,2.6,2.7,2.7,2.4,2.4,2.5,,,,3.6
13755,97,2021-03-09 23:50:00,23:50,,,1.0,,0.9,2.6,2.7,2.7,2.3,2.4,2.5,,,,3.6
13756,96,2021-03-10 00:00:00,00:00,,,1.0,,0.9,2.6,2.7,2.7,2.3,2.4,2.5,,,,3.6
13757,95,2021-03-10 00:10:00,00:10,,,1.0,,0.9,2.6,2.7,2.7,2.3,2.4,2.5,,,,3.6
13758,94,2021-03-10 00:20:00,00:20,,,1.0,,0.9,2.6,2.7,2.7,2.3,2.4,2.5,,,,3.6
13759,93,2021-03-10 00:30:00,00:30,,,1.0,,0.9,2.6,2.7,2.7,2.3,2.4,2.5,,,,3.0
13760,92,2021-03-10 00:40:00,00:40,,,1.0,,0.9,2.6,2.7,2.7,2.3,2.4,2.5,,,,3.6
13761,91,2021-03-10 00:50:00,00:50,,,1.0,,0.9,2.6,2.7,2.7,2.3,2.4,2.4,,,,4.8
13762,90,2021-03-10 01:00:00,01:00,,,1.1,,0.9,2.6,2.7,2.7,2.3,2.4,2.4,,,,21.3
13763,89,2021-03-10 01:10:00,01:10,,,1.1,,0.9,2.6,2.7,2.7,2.3,2.4,2.4,,,,3.6
13764,88,2021-03-10 01:20:00,01:20,,,1.0,,0.9,2.6,2.7,2.7,2.3,2.4,2.4,,,,3.6
13765,87,2021-03-10 01:30:00,01:30,,,1.0,,0.9,2.6,2.7,2.7,2.3,2.3,2.4,,,,3.0
13766,86,2021-03-10 01:40:00,01:40,,,1.0,,0.9,2.6,2.7,2.7,2.3,2.3,2.4,,,,4.8
13767,85,2021-03-10 01:50:00,01:50,,,1.0,,0.9,2.6,2.7,2.7,2.3,2.3,2.4,,,,3.6
13768,84,2021-03-10 02:00:00,02:00,,,1.0,,0.9,2.6,2.7,2.7,2.3,2.3,2.4,,,,4.8
13769,83,2021-03-10 02:10:00,02:10,,,1.0,,0.9,2.6,2.7,2.7,2.3,2.3,2.4,,,,3.6
13770,82,2021-03-10 02:20:00,02:20,,,1.0,,0.9,2.6,2.7,2.7,2.3,2.3,2.4,,,,3.0
13771,81,2021-03-10 02:30:00,02:30,,,1.0,,0.9,2.6,2.7,2.7,2.2,2.3,2.4,,,,4.2
13772,80,2021-03-10 02:40:00,02:40,,,1.0,,0.9,2.6,2.7,2.7,2.2,2.3,2.4,,,,4.2
13773,79,2021-03-10 02:50:00,02:50,,,1.0,,0.9,2.6,2.7,2.7,2.2,2.3,2.3,,,,4.2
13774,78,2021-03-10 03:00:00,03:00,,,1.0,,0.9,2.6,2.7,2.7,2.2,2.3,2.3,,,,4.2
13775,77,2021-03-10 03:10:00,03:10,,,1.0,,0.9,2.6,2.7,2.7,2.2,2.3,2.3,,,,4.2
13776,76,2021-03-10 03:20:00,03:20,,,1.0,,0.9,2.6,2.7,2.8,2.2,2.3,2.3,,,,4.8
13777,75,2021-03-10 03:30:00,03:30,,,1.0,,0.9,0.3,2.5,2.8,0.3,2.2,2.7,,,,3.6
13778,74,2021-03-10 03:40:00,03:40,,,1.0,,0.9,2.6,2.7,2.8,2.4,2.5,2.7,,,,3.0
13779,73,2021-03-10 03:50:00,03:50,,,1.0,,0.9,2.6,2.7,2.8,2.5,2.5,2.7,,,,4.2
13780,72,2021-03-10 04:00:00,04:00,,,1.0,,0.9,2.6,2.7,2.8,2.5,2.5,2.6,,,,3.6
13781,71,2021-03-10 04:10:00,04:10,,,1.0,,0.9,2.6,2.7,2.8,2.5,2.5,2.6,,,,3.6
13782,70,2021-03-10 04:20:00,04:20,,,1.0,,0.9,2.6,2.7,2.8,2.5,2.5,2.6,,,,3.6
13783,69,2021-03-10 04:30:00,04:30,,,1.0,,0.9,2.6,2.7,2.8,2.5,2.5,2.6,,,,3.6
13784,68,2021-03-10 04:40:00,04:40,,,1.0,,0.9,2.6,2.7,2.8,2.4,2.5,2.6,,,,3.6
13785,67,2021-03-10 04:50:00,04:50,,,1.0,,0.9,2.6,2.7,2.8,2.4,2.5,2.6,,,,3.0
13786,66,2021-03-10 05:00:00,05:00,,,1.0,,0.9,0.2,2.5,2.8,0.3,2.3,2.6,,,,349.6
13787,65,2021-03-10 05:10:00,05:10,,,1.0,,0.9,0.0,0.1,0.2,0.1,0.1,0.3,,,,391.8
13788,64,2021-03-10 05:20:00,05:20,,,1.0,,0.8,0.0,0.0,0.0,0.0,0.0,0.1,,,,487.7
13789,63,2021-03-10 05:30:00,05:30,,,1.0,,0.8,0.0,0.0,0.0,0.0,0.0,0.0,,,,73.3
13790,62,2021-03-10 05:40:00,05:40,,,1.0,,0.8,0.0,0.0,0.0,0.0,0.0,0.0,,,,4.8
13791,61,2021-03-10 05:50:00,05:50,,,1.0,,0.8,0.0,0.0,0.0,0.0,0.0,0.0,,,,274.4
13792,60,2021-03-10 06:00:00,06:00,,,1.0,,0.8,0.0,0.0,0.0,0.0,0.0,0.0,,,,2.4
13793,59,2021-03-10 06:10:00,06:10,,,1.0,,0.8,0.0,0.0,0.0,0.0,0.0,0.0,,,,1.8
13794,58,2021-03-10 06:20:00,06:20,,,1.0,,0.8,0.0,0.8,2.8,0.0,0.7,2.5,,,,3.0
13795,57,2021-03-10 06:30:00,06:30,,,1.0,,0.9,2.6,2.7,2.7,2.3,2.4,2.5,,,,1.8
13796,56,2021-03-10 06:40:00,06:40,,,1.0,,0.9,2.6,2.7,2.8,2.3,2.4,2.5,,,,1.8
13797,55,2021-03-10 06:50:00,06:50,,,1.0,,0.9,2.6,2.7,2.8,2.3,2.4,2.5,,,,1.8
13798,54,2021-03-10 07:00:00,07:00,,,1.0,,0.9,2.6,2.7,2.8,2.3,2.4,2.5,,,,1.8
13799,53,2021-03-10 07:10:00,07:10,,,1.0,,0.9,0.3,2.2,2.7,0.3,1.9,2.5,,,,487.7
13800,52,2021-03-10 07:20:00,07:20,,,1.0,,0.9,0.3,1.9,2.7,0.3,1.6,2.3,,,,5.5
13801,51,2021-03-10 07:30:00,07:30,,,1.0,,0.9,0.2,0.2,0.3,0.2,0.2,0.3,,,,3.6
13802,50,2021-03-10 07:40:00,07:40,,,1.0,,0.9,0.1,2.1,2.8,0.1,1.9,2.7,,,,4.8
13803,49,2021-03-10 07:50:00,07:50,,,1.1,,0.9,2.6,2.7,2.9,2.4,2.5,2.8,,,,5.5
13804,48,2021-03-10 08:00:00,08:00,,,1.1,,0.9,2.6,2.7,2.8,2.4,2.5,2.6,,,,4.8
13805,47,2021-03-10 08:10:00,08:10,,,1.0,,0.9,0.2,1.6,2.8,0.2,1.6,2.6,,,,226.7
13806,46,2021-03-10 08:20:00,08:20,,,0.5,,0.4,0.0,0.0,0.2,0.0,0.0,0.2,,,,33.6
13807,45,2021-03-10 08:30:00,08:30,,,0.9,,0.8,0.0,0.0,0.0,0.0,0.0,0.0,,,,9.7
13808,44,2021-03-10 08:40:00,08:40,,,1.0,,0.9,0.0,0.0,0.0,0.0,0.0,0.0,,,,6.7
13809,43,2021-03-10 08:50:00,08:50,,,1.0,,0.9,0.0,0.0,0.0,0.0,0.0,0.0,,,,6.7
13810,42,2021-03-10 09:00:00,09:00,,,1.0,,0.9,0.0,0.0,0.0,0.0,0.0,0.0,,,,6.7
13811,41,2021-03-10 09:10:00,09:10,,,1.0,,0.9,0.0,1.3,2.8,0.0,1.2,2.6,,,,7.3
13812,40,2021-03-10 09:20:00,09:20,,,1.0,,0.9,2.6,2.7,2.7,2.4,2.4,2.5,,,,6.7
13813,39,2021-03-10 09:30:00,09:30,,,1.0,,0.9,2.6,2.7,2.7,2.4,2.4,2.5,,,,7.3
13814,38,2021-03-10 09:40:00,09:40,,,1.0,,0.9,2.6,2.7,2.7,2.4,2.4,2.5,,,,7.3
13815,37,2021-03-10 09:50:00,09:50,,,1.0,,0.9,2.6,2.7,2.7,2.4,2.4,2.5,,,,7.3
13816,36,2021-03-10 10:00:00,10:00,,,1.0,,0.9,2.6,2.7,2.7,2.4,2.4,2.5,,,,7.3
13817,35,2021-03-10 10:10:00,10:10,,,1.0,,0.9,2.6,2.7,2.7,2.3,2.4,2.5,,,,7.3
13818,34,2021-03-10 10:20:00,10:20,,,1.0,,0.9,2.6,2.7,2.7,2.3,2.4,2.5,,,,7.3
13819,33,2021-03-10 10:30:00,10:30,,,1.0,,0.9,2.6,2.7,2.7,2.3,2.4,2.5,,,,7.3
13820,32,2021-03-10 10:40:00,10:40,,,1.1,,0.9,2.6,2.7,2.7,2.3,2.4,2.5,,,,7.3
13821,31,2021-03-10 10:50:00,10:50,,,1.0,,0.9,2.6,2.7,2.7,2.3,2.4,2.5,,,,11.0
13822,30,2021-03-10 11:00:00,11:00,,,1.0,,0.9,0.0,1.1,2.7,0.0,1.0,2.5,,,,15.2
13823,29,2021-03-10 11:10:00,11:10,,,0.3,,0.2,0.0,0.0,0.0,0.0,0.0,0.0,,,,31.7
13824,28,2021-03-10 11:20:00,11:20,,,0.2,,0.0,0.0,0.0,0.0,0.0,0.0,0.0,,,,72.7
13825,27,2021-03-10 11:30:00,11:30,,,0.2,,0.0,0.0,0.0,0.0,0.0,0.0,0.0,,,,57.4
13826,26,2021-03-10 11:40:00,11:40,,,0.4,,0.2,0.0,0.0,0.0,0.0,0.0,0.0,,,,9.1
13827,25,2021-03-10 11:50:00,11:50,,,0.9,,0.8,0.0,0.1,2.5,0.0,0.1,2.0,,,,6.1
13828,24,2021-03-10 12:00:00,12:00,,,1.0,,0.9,0.0,0.0,0.0,0.0,0.0,0.0,,,,4.8
13829,23,2021-03-10 12:10:00,12:10,,,1.0,,0.9,0.0,0.0,0.0,0.0,0.0,0.0,,,,5.5
13830,22,2021-03-10 12:20:00,12:20,,,1.0,,0.9,0.0,0.0,0.0,0.0,0.0,0.0,,,,5.5
13831,21,2021-03-10 12:30:00,12:30,,,0.7,,0.6,0.0,0.0,0.0,0.0,0.0,0.0,,,,25.0
13832,20,2021-03-10 12:40:00,12:40,,,0.3,,0.2,0.0,0.0,0.0,0.0,0.0,0.0,,,,39.1
13833,19,2021-03-10 12:50:00,12:50,,,0.3,,0.2,0.0,0.0,0.0,0.0,0.0,0.0,,,,28.7
13834,18,2021-03-10 13:00:00,13:00,,,0.9,,0.8,0.0,0.0,0.0,0.0,0.0,0.0,,,,5.5
13835,17,2021-03-10 13:10:00,13:10,,,1.0,,0.9,0.0,0.0,0.0,0.0,0.0,0.0,,,,5.5
13836,16,2021-03-10 13:20:00,13:20,,,1.0,,0.9,0.0,0.0,0.0,0.0,0.0,0.0,,,,5.5
13837,15,2021-03-10 13:30:00,13:30,,,1.0,,0.9,0.0,0.0,0.0,0.0,0.0,0.0,,,,6.7
13838,14,2021-03-10 13:40:00,13:40,,,1.0,,0.9,0.0,0.0,0.0,0.0,0.0,0.0,,,,5.5
13839,13,2021-03-10 13:50:00,13:50,,,1.0,,0.9,0.0,0.0,0.0,0.0,0.0,0.0,,,,5.5
13840,12,2021-03-10 14:00:00,14:00,,,1.0,,0.9,0.0,0.0,0.0,0.0,0.0,0.0,,,,4.8
13841,11,2021-03-10 14:10:00,14:10,,,1.0,,0.9,0.0,0.0,0.0,0.0,0.0,0.0,,,,5.5
13842,10,2021-03-10 14:20:00,14:20,,,1.0,,0.9,0.0,0.0,0.0,0.0,0.0,0.0,,,,4.8
13843,9,2021-03-10 14:30:00,14:30,,,1.0,,0.9,0.0,0.0,0.0,0.0,0.0,0.0,,,,4.8
13844,8,2021-03-10 14:40:00,14:40,,,1.0,,0.9,0.0,0.0,0.0,0.0,0.0,0.0,,,,4.2
13845,7,2021-03-10 14:50:00,14:50,,,1.0,,0.9,0.0,0.0,0.0,0.0,0.0,0.0,,,,4.2
13846,6,2021-03-10 15:00:00,15:00,,,1.0,,0.9,0.0,0.0,0.0,0.0,0.0,0.0,,,,4.2
13847,5,2021-03-10 15:10:00,15:10,,,1.0,,0.9,0.0,0.0,0.0,0.0,0.0,0.0,,,,4.8
13848,4,2021-03-10 15:20:00,15:20,,,1.0,,0.9,0.0,0.0,0.0,0.0,0.0,0.0,,,,4.8
13849,3,2021-03-10 15:30:00,15:30,,,1.0,,0.9,0.0,0.0,0.0,0.0,0.0,0.0,,,,4.8
13850,2,2021-03-10 15:40:00,15:40,,,1.0,,0.9,0.0,0.0,0.0,0.0,0.0,0.0,,,,4.8
13851,1,2021-03-10 15:50:00,15:50,,,1.0,,0.9,0.0,0.0,0.0,0.0,0.0,0.0,,,,4.8
